﻿<?xml version="1.0" encoding="utf-8"?>
<Feature xmlns="http://schemas.microsoft.com/sharepoint/" Description="Custom Site Columns and Pages with Web Parts for Worksheets 1-4" Id="5bcfb281-b2f6-42da-874d-a267fb0ce0d5" ReceiverAssembly="DCAPXSolution, Version=1.0.9.2, Culture=neutral, PublicKeyToken=6fc0066f6c9a4059" ReceiverClass="DCAPXSolution.Features.Feature2.Feature2EventReceiver" Scope="Site" Title="DCAPXSolution Feature2 ">
  <ElementManifests>
    <ElementManifest Location="CONOPSDevButtons\Elements.xml" />
    <ElementFile Location="CONOPSDevButtons\CONOPSDevButtons.webpart" />
    <ElementManifest Location="CONOPSDevWS1\Elements.xml" />
    <ElementFile Location="CONOPSDevWS1\CONOPSDevWS1.webpart" />
    <ElementManifest Location="CONOPSDevWS2\Elements.xml" />
    <ElementFile Location="CONOPSDevWS2\CONOPSDevWS2.webpart" />
    <ElementManifest Location="CONOPSDevWS3\Elements.xml" />
    <ElementFile Location="CONOPSDevWS3\CONOPSDevWS3.webpart" />
    <ElementManifest Location="CONOPSDevWS4\Elements.xml" />
    <ElementFile Location="CONOPSDevWS4\CONOPSDevWS4.webpart" />
    <ElementManifest Location="ACB\Elements.xml" />
    <ElementManifest Location="OperationalTestAgency\Elements.xml" />
    <ElementManifest Location="SourceID\Elements.xml" />
    <ElementManifest Location="RRI\Elements.xml" />
    <ElementManifest Location="DAP\Elements.xml" />
    <ElementManifest Location="FAP\Elements.xml" />
    <ElementManifest Location="QLR\Elements.xml" />
    <ElementManifest Location="ADP\Elements.xml" />
    <ElementManifest Location="FAR\Elements.xml" />
    <ElementManifest Location="VSM\Elements.xml" />
    <ElementManifest Location="VSM U\Elements.xml" />
    <ElementManifest Location="WS1Progress\Elements.xml" />
    <ElementManifest Location="FY\Elements.xml" />
    <ElementManifest Location="WS2Progress\Elements.xml" />
    <ElementManifest Location="WS3Progress\Elements.xml" />
    <ElementManifest Location="WS4Progress\Elements.xml" />
    <ElementManifest Location="WSReview\Elements.xml" />
    <ElementManifest Location="ForFY\Elements.xml" />
    <ElementManifest Location="SubmittedFY\Elements.xml" />
    <ElementManifest Location="SubmittedBy\Elements.xml" />
    <ElementManifest Location="SubmittedOn\Elements.xml" />
    <ElementManifest Location="CONOPSDevProgress\Elements.xml" />
    <ElementManifest Location="Account\Elements.xml" />
    <ElementManifest Location="ModuleAccess\Elements.xml" />
    <ElementManifest Location="DutyTitlePosition\Elements.xml" />
    <ElementManifest Location="Status\Elements.xml" />
    <ElementManifest Location="Remarks\Elements.xml" />
    <ElementManifest Location="ContractorRate\Elements.xml" />
    <ElementManifest Location="GSLevel\Elements.xml" />
    <ElementManifest Location="Funding\Elements.xml" />
    <ElementManifest Location="GovLaborMonth\Elements.xml" />
    <ElementManifest Location="Employer\Elements.xml" />
    <ElementManifest Location="Contract\Elements.xml" />
    <ElementManifest Location="ContractFee\Elements.xml" />
    <ElementManifest Location="ContractTotal\Elements.xml" />
    <ElementManifest Location="AdditionalLineItem\Elements.xml" />
    <ElementManifest Location="MilitarySubTotal\Elements.xml" />
    <ElementManifest Location="Total\Elements.xml" />
    <ElementManifest Location="ContractsSubTotal\Elements.xml" />
    <ElementManifest Location="HoursPerYear\Elements.xml" />
    <ElementManifest Location="OTA\Elements.xml" />
    <ElementManifest Location="Submitted\Elements.xml" />
    <ElementManifest Location="DateDraftSaved\Elements.xml" />
    <ElementManifest Location="TimeDraftSaved\Elements.xml" />
    <ElementManifest Location="DraftSavedBy\Elements.xml" />
    <ElementManifest Location="Dates\Elements.xml" />
    <ElementManifest Location="People\Elements.xml" />
    <ElementManifest Location="EventLocation\Elements.xml" />
    <ElementManifest Location="EstTravel\Elements.xml" />
    <ElementManifest Location="EstLaborOvertime\Elements.xml" />
    <ElementManifest Location="Venue\Elements.xml" />
    <ElementManifest Location="VenueSubTotal\Elements.xml" />
    <ElementManifest Location="Number\Elements.xml" />
    <ElementManifest Location="WS\Elements.xml" />
    <ElementManifest Location="Assessment\Elements.xml" />
    <ElementManifest Location="AssessmentProgress\Elements.xml" />
    <ElementManifest Location="ProgramContacts\Elements.xml" />
    <ElementManifest Location="WS1\Elements.xml" />
    <ElementManifest Location="WS2\Elements.xml" />
    <ElementManifest Location="WS3\Elements.xml" />
    <ElementManifest Location="WS4\Elements.xml" />
    <ElementManifest Location="Feedback\Elements.xml" />
    <ElementManifest Location="DCAPXPOCs\Elements.xml" />
    <ElementManifest Location="MasterCalendar\Elements.xml" />
    <ElementManifest Location="HomeInfoPage\Elements.xml" />
    <ElementFile Location="HomeInfoPage\HomeInfoPage.webpart" />
    <ElementManifest Location="DCAPXSeal\Elements.xml" />
    <ElementFile Location="DCAPXSeal\DCAPXSeal.webpart" />
    <ElementManifest Location="CONOPSDevProgressChart\Elements.xml" />
    <ElementFile Location="CONOPSDevProgressChart\CONOPSDevProgressChart.webpart" />
    <ElementManifest Location="CONOPSDevReview\Elements.xml" />
    <ElementFile Location="CONOPSDevReview\CONOPSDevReview.webpart" />
    <ElementManifest Location="CONOPSApproval\Elements.xml" />
    <ElementManifest Location="CONOPSAttachment\Elements.xml" />
    <ElementManifest Location="CONOPSDevUploadDocs\Elements.xml" />
    <ElementFile Location="CONOPSDevUploadDocs\CONOPSDevUploadDocs.webpart" />
    <ElementManifest Location="Comments\Elements.xml" />
    <ElementManifest Location="ViewCONOPS\Elements.xml" />
    <ElementFile Location="ViewCONOPS\ViewCONOPS.webpart" />
  </ElementManifests>
</Feature>
