﻿<?xml version="1.0" encoding="utf-8"?>
<Elements xmlns="http://schemas.microsoft.com/sharepoint/">
  <!-- Parent ContentType: Item (0x01) -->
  <ContentType ID="0x0100866FDFABD0CE4F28B3D00A526E8A9604" Name="CONOPSDevProgress" Group="Custom Content Types" Description="My Content Type" Inherits="TRUE" Version="0">
    <FieldRefs>
      <FieldRef ID="{a8e61a5c-397b-4553-8e50-680fbd50a36c}" DisplayName="OperationalTestAgency" Required="FALSE" Name="OperationalTestAgency" Format="Dropdown" />
      <FieldRef ID="{1e8db016-cac8-437d-8cc1-1cb04b21ae10}" DisplayName="WS1Progress" Required="FALSE" Name="WS1Progress" Format="Dropdown" />
      <FieldRef ID="{f961e0fd-96cb-4f1f-944f-f58152c287d5}" DisplayName="WS2Progress" Required="FALSE" Name="WS2Progress" Format="Dropdown" />
      <FieldRef ID="{42fe3470-8c6b-4b1c-801c-df00f2f17cfa}" DisplayName="WS3Progress" Required="FALSE" Name="WS3Progress" Format="Dropdown" />
      <FieldRef ID="{b67c20fa-cb2c-45f2-a6d9-087502d7bcf5}" DisplayName="WS4Progress" Required="FALSE" Name="WS4Progress" Format="Dropdown" />
      <FieldRef ID="{1d9ae68e-aabc-4fb1-81e1-c8cfd4612a31}" DisplayName="WSReview" Required="FALSE" Name="WSReview" Format="Dropdown" />
      <FieldRef ID="{a38b0c3a-0eac-4180-b481-2337d8903736}" DisplayName="ForFY" Required="FALSE" Name="ForFY" Format="RadioButtons" />
      <FieldRef ID="{04c7a7a4-f461-4146-9f30-c19239811305}" DisplayName="SubmittedFY" Required="FALSE" Name="SubmittedFY" />
      <FieldRef ID="{cd9571ff-70e3-4239-ad77-833c98773883}" DisplayName="SubmittedBy" Required="FALSE" Name="SubmittedBy" />
      <FieldRef ID="{b03c6757-cd13-4778-809b-b074d0c98954}" DisplayName="SubmittedOn" Required="FALSE" Name="SubmittedOn" />
    </FieldRefs>
  </ContentType>
</Elements>