﻿<?xml version="1.0" encoding="utf-8"?>
<Elements xmlns="http://schemas.microsoft.com/sharepoint/">  
  <Field
       ID="{6f125da2-5027-404e-bcaf-43e1bc619138}"
       Format="Dropdown"
       Name="RRI"
       DisplayName="RRI"
       Type="Choice"
       Required="FALSE"
       Overwrite="FALSE"
       Group="Custom Site Columns">
    <Default>No Shell Created</Default>
    <CHOICES>
      <CHOICE>No Shell Created</CHOICE>
      <CHOICE>Submitted</CHOICE>
      <CHOICE>Due Soon</CHOICE>
      <CHOICE>Past Due</CHOICE>
      <CHOICE>Canceled</CHOICE>
    </CHOICES>
  </Field>
</Elements>
