﻿<?xml version="1.0" encoding="utf-8"?>
<Elements xmlns="http://schemas.microsoft.com/sharepoint/">  
  <Field
       ID="{f5eb545c-9e17-4ccd-9ef7-37a063f4e168}"
       Format="Dropdown"
       Name="VSM"
       DisplayName="VSM"
       Type="Choice"
       Required="FALSE"
       Overwrite="FALSE"
       Group="Custom Site Columns">
    <Default>No Shell Created</Default>
    <CHOICES>
      <CHOICE>No Shell Created</CHOICE>
      <CHOICE>Submitted</CHOICE>
      <CHOICE>Due Soon</CHOICE>
      <CHOICE>Past Due</CHOICE>
      <CHOICE>Canceled</CHOICE>
    </CHOICES>
  </Field>
</Elements>
