﻿<?xml version="1.0" encoding="utf-8"?>
<Elements xmlns="http://schemas.microsoft.com/sharepoint/">  
  <Field
       ID="{42fe3470-8c6b-4b1c-801c-df00f2f17cfa}"
       Format="Dropdown"
       Name="WS3Progress"
       DisplayName="WS3Progress"
       Type="Choice"
       Required="FALSE"
       Overwrite="FALSE"
       Group="Custom Site Columns">
    <Default>Not Started</Default>
    <CHOICES>
      <CHOICE>Not Started</CHOICE>
      <CHOICE>In Progress</CHOICE>
      <CHOICE>Draft Completed</CHOICE>
      <CHOICE>Submitted</CHOICE>
    </CHOICES>
  </Field>
</Elements>
