﻿<?xml version="1.0" encoding="utf-8"?>
<Elements xmlns="http://schemas.microsoft.com/sharepoint/">  
  <Field
       ID="{f961e0fd-96cb-4f1f-944f-f58152c287d5}"
       Format="Dropdown"
       Name="WS2Progress"
       DisplayName="WS2Progress"
       Type="Choice"
       Required="FALSE"
       Overwrite="FALSE"
       Group="Custom Site Columns">
    <Default>Not Started</Default>
    <CHOICES>
      <CHOICE>Not Started</CHOICE>
      <CHOICE>In Progress</CHOICE>
      <CHOICE>Draft Completed</CHOICE>
      <CHOICE>Submitted</CHOICE>
    </CHOICES>
  </Field>
</Elements>
