﻿<?xml version="1.0" encoding="utf-8"?>
<Solution xmlns="http://schemas.microsoft.com/sharepoint/" SolutionId="6b6f2d3d-4f59-4e25-b18c-34767be4ccb4" SharePointProductVersion="14.0">
  <Assemblies>
    <Assembly Location="IAIOPADv2.dll" DeploymentTarget="GlobalAssemblyCache">
      <SafeControls>
        <SafeControl Assembly="IAIOPADv2, Version=2.0.0.0, Culture=neutral, PublicKeyToken=1c44ff71c41acfb4" Namespace="IAIOPADv2.CalendarDashboard" TypeName="*" />
        <SafeControl Assembly="IAIOPADv2, Version=2.0.0.0, Culture=neutral, PublicKeyToken=1c44ff71c41acfb4" Namespace="IAIOPADv2.AssessmentDashboard" TypeName="*" />
      </SafeControls>
    </Assembly>
  </Assemblies>
  <FeatureManifests>
    <FeatureManifest Location="IAIOPADv2_Feature1\Feature.xml" />
  </FeatureManifests>
</Solution>
