﻿<?xml version="1.0" encoding="utf-8"?>
<Elements xmlns="http://schemas.microsoft.com/sharepoint/">  
  <Field
       ID="{a8e61a5c-397b-4553-8e50-680fbd50a36c}"
       Format="Dropdown"
       Name="OperationalTestAgency"
       DisplayName="OperationalTestAgency"
       Type="Choice"
       Required="FALSE"
       Overwrite="FALSE"
       Group="Custom Site Columns">
    <CHOICES>
      <CHOICE>AFOTEC</CHOICE>
      <CHOICE>ATEC</CHOICE>
      <CHOICE>COTF</CHOICE>
      <CHOICE>JITC</CHOICE>
      <CHOICE>MCOTEA</CHOICE>
    </CHOICES>
  </Field>
</Elements>
