﻿<?xml version="1.0" encoding="utf-8"?>
<Feature xmlns="http://schemas.microsoft.com/sharepoint/" Description="CONOPS Approval fields and Event Receiver for when child sites are created" Id="d2536341-6d90-4c04-b30a-46700ba51ded" ReceiverAssembly="DCAPXSolution, Version=1.0.8.2, Culture=neutral, PublicKeyToken=6fc0066f6c9a4059" ReceiverClass="DCAPXSolution.Features.Feature3.Feature3EventReceiver" Scope="Site" Title="DCAPXSolution Feature3">
  <ElementManifests>
    <ElementManifest Location="ChildSiteInit\Elements.xml" />
    <ElementManifest Location="CONOPSApprovalComments\Elements.xml" />
    <ElementManifest Location="CONOPSApprovalAOReview\Elements.xml" />
    <ElementManifest Location="CONOPSApprovalPMReview\Elements.xml" />
    <ElementManifest Location="CONOPSApprovalDRReview\Elements.xml" />
    <ElementManifest Location="CONOPSApprovalAOComments\Elements.xml" />
    <ElementManifest Location="CONOPSApprovalPMComments\Elements.xml" />
    <ElementManifest Location="CONOPSApprovalDRComments\Elements.xml" />
    <ElementManifest Location="CONOPSApprovalProgress\Elements.xml" />
    <ElementManifest Location="OTASubmissionID\Elements.xml" />
    <ElementManifest Location="AOReviewID\Elements.xml" />
    <ElementManifest Location="PMReviewID\Elements.xml" />
    <ElementManifest Location="Scripts\Elements.xml" />
    <ElementFile Location="Scripts\_references.js" />
    <ElementFile Location="Scripts\JQUERY.MIN.js" />
    <ElementFile Location="Scripts\JQUERY.SPSERVICES.MIN.js" />
    <ElementFile Location="Scripts\MicrosoftAjax.js" />
    <ElementManifest Location="ProgramContactsEventReceiver\Elements.xml" />
  </ElementManifests>
</Feature>
