﻿<?xml version="1.0" encoding="utf-8"?>
<Elements xmlns="http://schemas.microsoft.com/sharepoint/">  
  <Field
       ID="{46f18d04-1196-4ab8-ac40-b0767468d2a2}"
       Name="ModuleAccess"
       DisplayName="ModuleAccess"
       Type="MultiChoice"
       Required="FALSE"
       Overwrite="FALSE"
       Group="Custom Site Columns">
    <Default>CONOPS Development Module Readers (Gov Only)</Default>
    <CHOICES>
      <CHOICE>CONOPS Development Module Readers (Gov Only)</CHOICE>
      <CHOICE>CONOPS Development Module Submitters (Gov Only)</CHOICE>
    </CHOICES>
  </Field>
</Elements>
