﻿<?xml version="1.0" encoding="utf-8"?>
<Elements xmlns="http://schemas.microsoft.com/sharepoint/">  
  <Field
       ID="{1e8db016-cac8-437d-8cc1-1cb04b21ae10}"
       Format="Dropdown"
       Name="WS1Progress"
       DisplayName="WS1Progress"
       Type="Choice"
       Required="FALSE"
       Overwrite="FALSE"
       Group="Custom Site Columns">
    <Default>Not Started</Default>
    <CHOICES>
      <CHOICE>Not Started</CHOICE>
      <CHOICE>In Progress</CHOICE>
      <CHOICE>Draft Completed</CHOICE>
      <CHOICE>Submitted</CHOICE>
    </CHOICES>
  </Field>
</Elements>
