﻿<?xml version="1.0" encoding="utf-8"?>
<Elements xmlns="http://schemas.microsoft.com/sharepoint/">  
  <Field
       ID="{44931691-429c-4ad5-a7de-d860bcee29fa}"
       Format="Dropdown"
       Name="FAR"
       DisplayName="FAR"
       Type="Choice"
       Required="FALSE"
       Overwrite="FALSE"
       Group="Custom Site Columns">
    <Default>No Shell Created</Default>
    <CHOICES>
      <CHOICE>No Shell Created</CHOICE>
      <CHOICE>Submitted</CHOICE>
      <CHOICE>Due Soon</CHOICE>
      <CHOICE>Past Due</CHOICE>
      <CHOICE>Canceled</CHOICE>
    </CHOICES>
  </Field>
</Elements>
