﻿<?xml version="1.0" encoding="utf-8"?>
<Elements xmlns="http://schemas.microsoft.com/sharepoint/">  
  <Field
       ID="{4ae199e8-efdc-4214-9628-cb826d676a62}"
       Format="Dropdown"
       Name="QLR"
       DisplayName="QLR"
       Type="Choice"
       Required="FALSE"
       Overwrite="FALSE"
       Group="Custom Site Columns">
    <Default>No Shell Created</Default>
    <CHOICES>
      <CHOICE>No Shell Created</CHOICE>
      <CHOICE>Submitted</CHOICE>
      <CHOICE>Due Soon</CHOICE>
      <CHOICE>Past Due</CHOICE>
      <CHOICE>Canceled</CHOICE>
    </CHOICES>
  </Field>
</Elements>
