﻿<?xml version="1.0" encoding="utf-8" ?>

<!-- Customize the text in square brackets. 
Remove brackets when filling in, e.g.
Name="[NAME]" ==> Name="MyWorkflow" -->

<Elements xmlns="http://schemas.microsoft.com/sharepoint/">
  <Workflow
     Name="DCAPXSolution - Workflow1"
     Description="My SharePoint Workflow"
     Id="2ffbda69-f590-4132-8e7e-62c2972c2aed"
     CodeBesideClass="DCAPXSolution.WebAppRootWeb.Workflow1.Workflow1"
     CodeBesideAssembly="DCAPXSolution, Version=1.0.8.2, Culture=neutral, PublicKeyToken=6fc0066f6c9a4059">
    <Categories/>
    <MetaData>
      <AssociationCategories>List</AssociationCategories>
      <!-- Tags to specify InfoPath forms for the workflow; delete tags for forms that you do not have -->
      <!--<Association_FormURN>[URN FOR ASSOCIATION FORM]</Association_FormURN>
       <Instantiation_FormURN>[URN FOR INSTANTIATION FORM]</Instantiation_FormURN>
      <Task0_FormURN>[URN FOR TASK (type 0) FORM]</Task0_FormURN>
      <Task1_FormURN>[URN FOR TASK (type 1) FORM]</Task1_FormURN>-->
      <!-- Modification forms: create a unique guid for each modification form -->
      <!--<Modification_[UNIQUE GUID]_FormURN>[URN FOR MODIFICATION FORM]</Modification_[UNIQUE GUID]_FormURN>
      <Modification_[UNIQUE GUID]_Name>[NAME OF MODIFICATION TO BE DISPLAYED AS A LINK ON WORKFLOW STATUS PAGE</Modification_[UNIQUE GUID]_Name>
      -->
      <StatusPageUrl>_layouts/WrkStat.aspx</StatusPageUrl>
    </MetaData>
  </Workflow>
</Elements>
