﻿<?xml version="1.0" encoding="utf-8"?>
<Elements xmlns="http://schemas.microsoft.com/sharepoint/">
  <Receivers ListTemplateId="100">
      <Receiver>
        <Name>EventReceiver1ItemAdding</Name>
        <Type>ItemAdding</Type>
        <Assembly>$SharePoint.Project.AssemblyFullName$</Assembly>
        <Class>DOTEOversightProgramsListEvntRcvr.EventReceiver1.EventReceiver1</Class>
        <SequenceNumber>10000</SequenceNumber>
      </Receiver>
      <Receiver>
        <Name>EventReceiver1ItemUpdating</Name>
        <Type>ItemUpdating</Type>
        <Assembly>$SharePoint.Project.AssemblyFullName$</Assembly>
        <Class>DOTEOversightProgramsListEvntRcvr.EventReceiver1.EventReceiver1</Class>
        <SequenceNumber>10000</SequenceNumber>
      </Receiver>
      <Receiver>
        <Name>EventReceiver1ItemDeleting</Name>
        <Type>ItemDeleting</Type>
        <Assembly>$SharePoint.Project.AssemblyFullName$</Assembly>
        <Class>DOTEOversightProgramsListEvntRcvr.EventReceiver1.EventReceiver1</Class>
        <SequenceNumber>10000</SequenceNumber>
      </Receiver>
      <Receiver>
        <Name>EventReceiver1ItemAdded</Name>
        <Type>ItemAdded</Type>
        <Assembly>$SharePoint.Project.AssemblyFullName$</Assembly>
        <Class>DOTEOversightProgramsListEvntRcvr.EventReceiver1.EventReceiver1</Class>
        <SequenceNumber>10000</SequenceNumber>
      </Receiver>
      <Receiver>
        <Name>EventReceiver1ItemUpdated</Name>
        <Type>ItemUpdated</Type>
        <Assembly>$SharePoint.Project.AssemblyFullName$</Assembly>
        <Class>DOTEOversightProgramsListEvntRcvr.EventReceiver1.EventReceiver1</Class>
        <SequenceNumber>10000</SequenceNumber>
      </Receiver>
      <Receiver>
        <Name>EventReceiver1ItemDeleted</Name>
        <Type>ItemDeleted</Type>
        <Assembly>$SharePoint.Project.AssemblyFullName$</Assembly>
        <Class>DOTEOversightProgramsListEvntRcvr.EventReceiver1.EventReceiver1</Class>
        <SequenceNumber>10000</SequenceNumber>
      </Receiver>
  </Receivers>
</Elements>
