﻿<?xml version="1.0" encoding="utf-8"?>
<Elements xmlns="http://schemas.microsoft.com/sharepoint/">  
  <Field
       ID="{1d9ae68e-aabc-4fb1-81e1-c8cfd4612a31}"
       Format="Dropdown"
       Name="WSReview"
       DisplayName="WSReview"
       Type="Choice"
       Required="FALSE"
       Overwrite="FALSE"
       Group="Custom Site Columns">
    <Default>Not Started</Default>
    <CHOICES>
      <CHOICE>Not Started</CHOICE>
      <CHOICE>In Progress</CHOICE>
      <CHOICE>Draft Completed</CHOICE>
      <CHOICE>Submitted</CHOICE>
    </CHOICES>
  </Field>
</Elements>
