﻿<?xml version="1.0" encoding="utf-8"?>
<Elements xmlns="http://schemas.microsoft.com/sharepoint/">
  <!-- Parent ContentType: Document (0x0101) -->
  <ContentType ID="0x010100383D4C80596F4763B8507DCEA7762859" Name="CONOPSAttachment" Group="Custom Content Types" Description="CONOPS Attachment" Inherits="TRUE" Version="0">
    <FieldRefs>
      <FieldRef ID="{e688f084-b1ae-43b0-b885-dfeea45de385}" DisplayName="WS" Required="FALSE" Name="WS" />
      <FieldRef ID="{db7d541c-90cc-432b-ad90-06426b24701b}" DisplayName="OTA" Required="FALSE" Name="OTA" />
      <FieldRef ID="{42a64d5c-211e-4f62-8051-cf165422f4c2}" DisplayName="FY" Required="FALSE" Name="FY" />
      <FieldRef ID="{647b40a8-cac8-46cc-8f3e-fa84e5a0dfda}" DisplayName="Submitted" Required="FALSE" Name="Submitted" />
      <FieldRef ID="{dd512bb7-4cb8-4373-b5c1-fa941a0f75ae}" DisplayName="DateDraftSaved" Required="FALSE" Name="DateDraftSaved" />
      <FieldRef ID="{04c7a7a4-f461-4146-9f30-c19239811305}" DisplayName="SubmittedFY" Required="FALSE" Name="SubmittedFY" />
      <FieldRef ID="{cd9571ff-70e3-4239-ad77-833c98773883}" DisplayName="SubmittedBy" Required="FALSE" Name="SubmittedBy" />
      <FieldRef ID="{b03c6757-cd13-4778-809b-b074d0c98954}" DisplayName="SubmittedOn" Required="FALSE" Name="SubmittedOn" />
      <FieldRef ID="{131e8df0-5dd4-4f3d-818b-1453776f83d9}" DisplayName="TimeDraftSaved" Required="FALSE" Description="milliseconds for sorting" Name="TimeDraftSaved" />
      <FieldRef ID="{43d07b47-2d32-43eb-86c3-531b2dbd0143}" DisplayName="DraftSavedBy" Required="FALSE" Name="DraftSavedBy" />
      <FieldRef ID="{76b5728e-21e8-4870-9b87-eda71c1aa882}" DisplayName="CONOPSApproval" Required="FALSE" Name="CONOPSApproval" Format="RadioButtons" />
      <FieldRef ID="{b6d9e22f-317b-42b7-a982-d5cd454cc220}" DisplayName="CONOPSApprovalAOReview" Required="FALSE" Name="CONOPSApprovalAOReview" Format="Dropdown" />
      <FieldRef ID="{51f596f0-bdde-4110-b14d-9f644b119367}" DisplayName="CONOPSApprovalAOComments" Required="FALSE" Name="CONOPSApprovalAOComments" />
      <FieldRef ID="{2fa3bb61-db37-4e85-941a-c9135b392cb7}" DisplayName="CONOPSApprovalPMReview" Required="FALSE" Name="CONOPSApprovalPMReview" Format="Dropdown" />
      <FieldRef ID="{fed295b2-1332-46ff-adca-8d0090598ee8}" DisplayName="CONOPSApprovalPMComments" Required="FALSE" Name="CONOPSApprovalPMComments" />
      <FieldRef ID="{095d9811-c2fd-4ea8-bb74-dc5d95b36001}" DisplayName="CONOPSApprovalDRReview" Required="FALSE" Name="CONOPSApprovalDRReview" Format="Dropdown" />
      <FieldRef ID="{fad7c3f0-c08b-49a2-9288-ac2e93505933}" DisplayName="CONOPSApprovalDRComments" Required="FALSE" Name="CONOPSApprovalDRComments" />
    </FieldRefs>
  </ContentType>
</Elements>
