﻿<?xml version="1.0" encoding="utf-8"?>
<Elements xmlns="http://schemas.microsoft.com/sharepoint/">  
  <Field
       ID="{b6d9e22f-317b-42b7-a982-d5cd454cc220}"
       Format="Dropdown"
       Name="CONOPSApprovalAOReview"
       DisplayName="CONOPSApprovalAOReview"
       Type="Choice"
       Required="FALSE"
       Overwrite="FALSE"
       Group="Custom Site Columns">
    <Default>Pending</Default>
    <CHOICES>
      <CHOICE>Pending</CHOICE>
      <CHOICE>Approved</CHOICE>
      <CHOICE>Approved With Comments</CHOICE>
      <CHOICE>Approved With Revisions</CHOICE>
      <CHOICE>Not Approved</CHOICE>
    </CHOICES>
  </Field>
</Elements>
