﻿<?xml version="1.0" encoding="utf-8"?>
<Elements xmlns="http://schemas.microsoft.com/sharepoint/">  
  <Field
       ID="{095d9811-c2fd-4ea8-bb74-dc5d95b36001}"
       Format="Dropdown"
       Name="CONOPSApprovalDRReview"
       DisplayName="CONOPSApprovalDRReview"
       Type="Choice"
       Required="FALSE"
       Overwrite="FALSE"
       Group="Custom Site Columns">
    <Default>Pending</Default>
    <CHOICES>
      <CHOICE>Pending</CHOICE>
      <CHOICE>Approved</CHOICE>
      <CHOICE>Approved With Comments</CHOICE>
      <CHOICE>Approved With Revisions</CHOICE>
      <CHOICE>Not Approved</CHOICE>
    </CHOICES>
  </Field>
</Elements>
