﻿<?xml version="1.0" encoding="utf-8"?>
<Elements xmlns="http://schemas.microsoft.com/sharepoint/">  
  <Field
       ID="{2fa3bb61-db37-4e85-941a-c9135b392cb7}"
       Format="Dropdown"
       Name="CONOPSApprovalPMReview"
       DisplayName="CONOPSApprovalPMReview"
       Type="Choice"
       Required="FALSE"
       Overwrite="FALSE"
       Group="Custom Site Columns">
    <Default>Pending</Default>
    <CHOICES>
      <CHOICE>Pending</CHOICE>
      <CHOICE>Approved</CHOICE>
      <CHOICE>Approved With Comments</CHOICE>
      <CHOICE>Approved With Revisions</CHOICE>
      <CHOICE>Not Approved</CHOICE>
    </CHOICES>
  </Field>
</Elements>
