﻿<?xml version="1.0" encoding="utf-8"?>
<Elements xmlns="http://schemas.microsoft.com/sharepoint/">
  <Receivers ListUrl="Lists/ProgramContacts">
      <Receiver>
        <Name>ProgramContactsEventReceiverItemAdded</Name>
        <Type>ItemAdded</Type>
        <Assembly>DCAPXSolution, Version=1.0.9.4, Culture=neutral, PublicKeyToken=6fc0066f6c9a4059</Assembly>
        <Class>DCAPXSolution.EventReceivers.ProgramContactsEventReceiver.ProgramContactsEventReceiver</Class>
        <SequenceNumber>10000</SequenceNumber>
      </Receiver>
      <Receiver>
        <Name>ProgramContactsEventReceiverItemUpdated</Name>
        <Type>ItemUpdated</Type>
        <Assembly>DCAPXSolution, Version=1.0.9.4, Culture=neutral, PublicKeyToken=6fc0066f6c9a4059</Assembly>
        <Class>DCAPXSolution.EventReceivers.ProgramContactsEventReceiver.ProgramContactsEventReceiver</Class>
        <SequenceNumber>10000</SequenceNumber>
      </Receiver>
      <Receiver>
        <Name>ProgramContactsEventReceiverItemDeleted</Name>
        <Type>ItemDeleted</Type>
        <Assembly>DCAPXSolution, Version=1.0.9.4, Culture=neutral, PublicKeyToken=6fc0066f6c9a4059</Assembly>
        <Class>DCAPXSolution.EventReceivers.ProgramContactsEventReceiver.ProgramContactsEventReceiver</Class>
        <SequenceNumber>10000</SequenceNumber>
      </Receiver>
  <Receiver>
<Name>ProgramContactsEventReceiverItemDeleting</Name>
<Type>ItemDeleting</Type>
<Assembly>DCAPXSolution, Version=1.0.9.4, Culture=neutral, PublicKeyToken=6fc0066f6c9a4059</Assembly>
<Class>DCAPXSolution.EventReceivers.ProgramContactsEventReceiver.ProgramContactsEventReceiver</Class>
<SequenceNumber>1000</SequenceNumber>
</Receiver>
<Receiver>
<Name>ProgramContactsEventReceiverItemUpdating</Name>
<Type>ItemUpdating</Type>
<Assembly>DCAPXSolution, Version=1.0.9.4, Culture=neutral, PublicKeyToken=6fc0066f6c9a4059</Assembly>
<Class>DCAPXSolution.EventReceivers.ProgramContactsEventReceiver.ProgramContactsEventReceiver</Class>
<SequenceNumber>1000</SequenceNumber>
</Receiver>
</Receivers>
</Elements>
