﻿<?xml version="1.0" encoding="utf-8"?>
<Elements xmlns="http://schemas.microsoft.com/sharepoint/">
  <Receivers ListTemplateId="100">
      <Receiver>
        <Name>EventReceiver2ItemDeleting</Name>
        <Type>ItemDeleting</Type>
        <Assembly>$SharePoint.Project.AssemblyFullName$</Assembly>
        <Class>SharePointProject4.EventReceiver2.EventReceiver2</Class>
        <SequenceNumber>10000</SequenceNumber>
      </Receiver>
      <Receiver>
        <Name>EventReceiver2ItemAdded</Name>
        <Type>ItemAdded</Type>
        <Assembly>$SharePoint.Project.AssemblyFullName$</Assembly>
        <Class>SharePointProject4.EventReceiver2.EventReceiver2</Class>
        <SequenceNumber>10000</SequenceNumber>
      </Receiver>
      <Receiver>
        <Name>EventReceiver2ItemUpdated</Name>
        <Type>ItemUpdated</Type>
        <Assembly>$SharePoint.Project.AssemblyFullName$</Assembly>
        <Class>SharePointProject4.EventReceiver2.EventReceiver2</Class>
        <SequenceNumber>10000</SequenceNumber>
      </Receiver>
  </Receivers>
</Elements>
