﻿<?xml version="1.0" encoding="utf-8"?>
<Elements xmlns="http://schemas.microsoft.com/sharepoint/">
  <Receivers ListTemplateId="100">
      <Receiver>
        <Name>EventReceiver3ItemAdding</Name>
        <Type>ItemAdding</Type>
        <Assembly>$SharePoint.Project.AssemblyFullName$</Assembly>
        <Class>DOTEOversightProgramsListEvntRcvr.EventReceiver3.EventReceiver3</Class>
        <SequenceNumber>10000</SequenceNumber>
      </Receiver>
      <Receiver>
        <Name>EventReceiver3ItemUpdating</Name>
        <Type>ItemUpdating</Type>
        <Assembly>$SharePoint.Project.AssemblyFullName$</Assembly>
        <Class>DOTEOversightProgramsListEvntRcvr.EventReceiver3.EventReceiver3</Class>
        <SequenceNumber>10000</SequenceNumber>
      </Receiver>
      <Receiver>
        <Name>EventReceiver3ItemDeleting</Name>
        <Type>ItemDeleting</Type>
        <Assembly>$SharePoint.Project.AssemblyFullName$</Assembly>
        <Class>DOTEOversightProgramsListEvntRcvr.EventReceiver3.EventReceiver3</Class>
        <SequenceNumber>10000</SequenceNumber>
      </Receiver>
      <Receiver>
        <Name>EventReceiver3ItemCheckingIn</Name>
        <Type>ItemCheckingIn</Type>
        <Assembly>$SharePoint.Project.AssemblyFullName$</Assembly>
        <Class>DOTEOversightProgramsListEvntRcvr.EventReceiver3.EventReceiver3</Class>
        <SequenceNumber>10000</SequenceNumber>
      </Receiver>
      <Receiver>
        <Name>EventReceiver3ItemCheckingOut</Name>
        <Type>ItemCheckingOut</Type>
        <Assembly>$SharePoint.Project.AssemblyFullName$</Assembly>
        <Class>DOTEOversightProgramsListEvntRcvr.EventReceiver3.EventReceiver3</Class>
        <SequenceNumber>10000</SequenceNumber>
      </Receiver>
      <Receiver>
        <Name>EventReceiver3ItemUncheckingOut</Name>
        <Type>ItemUncheckingOut</Type>
        <Assembly>$SharePoint.Project.AssemblyFullName$</Assembly>
        <Class>DOTEOversightProgramsListEvntRcvr.EventReceiver3.EventReceiver3</Class>
        <SequenceNumber>10000</SequenceNumber>
      </Receiver>
      <Receiver>
        <Name>EventReceiver3ItemAttachmentAdding</Name>
        <Type>ItemAttachmentAdding</Type>
        <Assembly>$SharePoint.Project.AssemblyFullName$</Assembly>
        <Class>DOTEOversightProgramsListEvntRcvr.EventReceiver3.EventReceiver3</Class>
        <SequenceNumber>10000</SequenceNumber>
      </Receiver>
      <Receiver>
        <Name>EventReceiver3ItemAttachmentDeleting</Name>
        <Type>ItemAttachmentDeleting</Type>
        <Assembly>$SharePoint.Project.AssemblyFullName$</Assembly>
        <Class>DOTEOversightProgramsListEvntRcvr.EventReceiver3.EventReceiver3</Class>
        <SequenceNumber>10000</SequenceNumber>
      </Receiver>
      <Receiver>
        <Name>EventReceiver3ItemFileMoving</Name>
        <Type>ItemFileMoving</Type>
        <Assembly>$SharePoint.Project.AssemblyFullName$</Assembly>
        <Class>DOTEOversightProgramsListEvntRcvr.EventReceiver3.EventReceiver3</Class>
        <SequenceNumber>10000</SequenceNumber>
      </Receiver>
      <Receiver>
        <Name>EventReceiver3ItemAdded</Name>
        <Type>ItemAdded</Type>
        <Assembly>$SharePoint.Project.AssemblyFullName$</Assembly>
        <Class>DOTEOversightProgramsListEvntRcvr.EventReceiver3.EventReceiver3</Class>
        <SequenceNumber>10000</SequenceNumber>
      </Receiver>
      <Receiver>
        <Name>EventReceiver3ItemUpdated</Name>
        <Type>ItemUpdated</Type>
        <Assembly>$SharePoint.Project.AssemblyFullName$</Assembly>
        <Class>DOTEOversightProgramsListEvntRcvr.EventReceiver3.EventReceiver3</Class>
        <SequenceNumber>10000</SequenceNumber>
      </Receiver>
      <Receiver>
        <Name>EventReceiver3ItemDeleted</Name>
        <Type>ItemDeleted</Type>
        <Assembly>$SharePoint.Project.AssemblyFullName$</Assembly>
        <Class>DOTEOversightProgramsListEvntRcvr.EventReceiver3.EventReceiver3</Class>
        <SequenceNumber>10000</SequenceNumber>
      </Receiver>
      <Receiver>
        <Name>EventReceiver3ItemCheckedIn</Name>
        <Type>ItemCheckedIn</Type>
        <Assembly>$SharePoint.Project.AssemblyFullName$</Assembly>
        <Class>DOTEOversightProgramsListEvntRcvr.EventReceiver3.EventReceiver3</Class>
        <SequenceNumber>10000</SequenceNumber>
      </Receiver>
      <Receiver>
        <Name>EventReceiver3ItemCheckedOut</Name>
        <Type>ItemCheckedOut</Type>
        <Assembly>$SharePoint.Project.AssemblyFullName$</Assembly>
        <Class>DOTEOversightProgramsListEvntRcvr.EventReceiver3.EventReceiver3</Class>
        <SequenceNumber>10000</SequenceNumber>
      </Receiver>
      <Receiver>
        <Name>EventReceiver3ItemUncheckedOut</Name>
        <Type>ItemUncheckedOut</Type>
        <Assembly>$SharePoint.Project.AssemblyFullName$</Assembly>
        <Class>DOTEOversightProgramsListEvntRcvr.EventReceiver3.EventReceiver3</Class>
        <SequenceNumber>10000</SequenceNumber>
      </Receiver>
      <Receiver>
        <Name>EventReceiver3ItemAttachmentAdded</Name>
        <Type>ItemAttachmentAdded</Type>
        <Assembly>$SharePoint.Project.AssemblyFullName$</Assembly>
        <Class>DOTEOversightProgramsListEvntRcvr.EventReceiver3.EventReceiver3</Class>
        <SequenceNumber>10000</SequenceNumber>
      </Receiver>
      <Receiver>
        <Name>EventReceiver3ItemAttachmentDeleted</Name>
        <Type>ItemAttachmentDeleted</Type>
        <Assembly>$SharePoint.Project.AssemblyFullName$</Assembly>
        <Class>DOTEOversightProgramsListEvntRcvr.EventReceiver3.EventReceiver3</Class>
        <SequenceNumber>10000</SequenceNumber>
      </Receiver>
      <Receiver>
        <Name>EventReceiver3ItemFileMoved</Name>
        <Type>ItemFileMoved</Type>
        <Assembly>$SharePoint.Project.AssemblyFullName$</Assembly>
        <Class>DOTEOversightProgramsListEvntRcvr.EventReceiver3.EventReceiver3</Class>
        <SequenceNumber>10000</SequenceNumber>
      </Receiver>
      <Receiver>
        <Name>EventReceiver3ItemFileConverted</Name>
        <Type>ItemFileConverted</Type>
        <Assembly>$SharePoint.Project.AssemblyFullName$</Assembly>
        <Class>DOTEOversightProgramsListEvntRcvr.EventReceiver3.EventReceiver3</Class>
        <SequenceNumber>10000</SequenceNumber>
      </Receiver>
      <Receiver>
        <Name>EventReceiver3ContextEvent</Name>
        <Type>ContextEvent</Type>
        <Assembly>$SharePoint.Project.AssemblyFullName$</Assembly>
        <Class>DOTEOversightProgramsListEvntRcvr.EventReceiver3.EventReceiver3</Class>
        <SequenceNumber>10000</SequenceNumber>
      </Receiver>
  </Receivers>
</Elements>
