﻿<?xml version="1.0" encoding="utf-8"?>
<Elements xmlns="http://schemas.microsoft.com/sharepoint/">  
  <Field
       ID="{b67c20fa-cb2c-45f2-a6d9-087502d7bcf5}"
       Format="Dropdown"
       Name="WS4Progress"
       DisplayName="WS4Progress"
       Type="Choice"
       Required="FALSE"
       Overwrite="FALSE"
       Group="Custom Site Columns">
    <Default>Not Started</Default>
    <CHOICES>
      <CHOICE>Not Started</CHOICE>
      <CHOICE>In Progress</CHOICE>
      <CHOICE>Draft Completed</CHOICE>
      <CHOICE>Submitted</CHOICE>
    </CHOICES>
  </Field>
</Elements>
