﻿<?xml version="1.0" encoding="utf-8"?>
<Elements xmlns="http://schemas.microsoft.com/sharepoint/">  
  <Field
       ID="{c3760bc2-6879-4a78-b6ae-67b6791bf32b}"
       Name="CCMD"
       DisplayName="CCMD"
       Type="Choice" 
       Overwrite="FALSE" 
       Format="Dropdown"
       Required="FALSE"
       Group="Custom Site Columns">
    <Default>(None)</Default>
    <CHOICES>
      <CHOICE>(None)</CHOICE>
      <CHOICE>USAFRICOM</CHOICE>
      <CHOICE>USCENTCOM</CHOICE>
      <CHOICE>USEUCOM</CHOICE>
      <CHOICE>USNORTHCOM</CHOICE>
      <CHOICE>USPACOM</CHOICE>
      <CHOICE>USSOUTHCOM</CHOICE>
      <CHOICE>USOCOM</CHOICE>
      <CHOICE>USSTRATCOM</CHOICE>
      <CHOICE>USTRANSCOM</CHOICE>
    </CHOICES>
  </Field>
</Elements>
