﻿<?xml version="1.0" encoding="utf-8"?>
<Elements xmlns="http://schemas.microsoft.com/sharepoint/">  
  <Field
       ID="{76b5728e-21e8-4870-9b87-eda71c1aa882}"
       Name="CONOPSApproval"
       DisplayName="CONOPSApproval"
       Type="Choice"
       Required="FALSE"
       Format="RadioButtons"
       Overwrite="FALSE"
       Group="Custom Site Columns">
    <Default>Baseline OTA Submission</Default>
    <CHOICES>
      <CHOICE>Baseline OTA Submission</CHOICE>
      <CHOICE>AO Recommendation</CHOICE>
      <CHOICE>PM Preapproval</CHOICE>
      <CHOICE>Deputy Director Approval</CHOICE>
    </CHOICES>
  </Field>
</Elements>
