﻿<?xml version="1.0" encoding="utf-8"?>
<Elements xmlns="http://schemas.microsoft.com/sharepoint/">
  <!-- Parent ContentType: Item (0x01) -->
  <ContentType ID="0x01006C464606244D402392259F6866C80167" Name="AssessmentProgress" Group="Custom Content Types" Description="Create a new list item." Inherits="TRUE" Version="0">
    <FieldRefs>
      <FieldRef ID="{a8e61a5c-397b-4553-8e50-680fbd50a36c}" DisplayName="Operational Test Agency" Required="FALSE" Name="OperationalTestAgency" Format="Dropdown" />
      <FieldRef ID="{cb0885bd-4545-4b8f-97ff-f811fb01aaba}" DisplayName="Source ID" Required="FALSE" Name="SourceID" />
      <FieldRef ID="{6f125da2-5027-404e-bcaf-43e1bc619138}" DisplayName="RRI" Required="FALSE" Name="RRI" Format="Dropdown" />
      <FieldRef ID="{42c0d39e-261d-489f-abfd-fb3bb9d75f37}" DisplayName="ACB" Required="FALSE" Name="ACB" Format="Dropdown" />
      <FieldRef ID="{7de8cf03-7f20-41c7-9ca6-2fb4ece4c055}" DisplayName="DAP" Required="FALSE" Name="DAP" Format="Dropdown" />
      <FieldRef ID="{60ae225c-9e95-4e42-95c1-9510a40713bd}" DisplayName="FAP" Required="FALSE" Name="FAP" Format="Dropdown" />
      <FieldRef ID="{4ae199e8-efdc-4214-9628-cb826d676a62}" DisplayName="QLR" Required="FALSE" Name="QLR" Format="Dropdown" />
      <FieldRef ID="{c1fb6208-406b-4129-beb0-a0ee88130ba9}" DisplayName="ADP" Required="FALSE" Name="ADP" Format="Dropdown" />
      <FieldRef ID="{44931691-429c-4ad5-a7de-d860bcee29fa}" DisplayName="FAR" Required="FALSE" Name="FAR" Format="Dropdown" />
      <FieldRef ID="{f5eb545c-9e17-4ccd-9ef7-37a063f4e168}" DisplayName="VSM" Required="FALSE" Name="VSM" Format="Dropdown" />
      <FieldRef ID="{937ab5ac-72a7-427a-adff-bbd19b10cd67}" DisplayName="VSM U" Required="FALSE" Name="VSM U" Format="Dropdown" />
    </FieldRefs>
  </ContentType>
</Elements>
