﻿<?xml version="1.0" encoding="utf-8"?>
<Elements xmlns="http://schemas.microsoft.com/sharepoint/">  
  <Field
       ID="{a38b0c3a-0eac-4180-b481-2337d8903736}"
       Name="ForFY"
       DisplayName="ForFY"
       Type="Choice"
       Required="FALSE"
       Format="RadioButtons"
       Overwrite="FALSE"
       Group="Custom Site Columns">
    <Default>Current</Default>
    <CHOICES>
      <CHOICE>Current</CHOICE>
      <CHOICE>Next</CHOICE>
      <CHOICE>Future</CHOICE>
    </CHOICES>
  </Field>
</Elements>
