﻿<?xml version="1.0" encoding="utf-8"?>
<Feature xmlns="http://schemas.microsoft.com/sharepoint/" Description="Update child content types with any declarative changes made to parent content types." Id="d2536341-6d90-4c04-b30a-46700ba51ded" ReceiverAssembly="DCAPXSolution, Version=1.0.9.2, Culture=neutral, PublicKeyToken=6fc0066f6c9a4059" ReceiverClass="DCAPXSolution.Features.Feature3.Feature3EventReceiver" Scope="Site" Title="DCAPXSolution Feature3">
  <ElementManifests>
    <ElementManifest Location="ChildSiteInit\Elements.xml" />
    <ElementManifest Location="CONOPSApprovalComments\Elements.xml" />
    <ElementManifest Location="CONOPSApprovalAOReview\Elements.xml" />
    <ElementManifest Location="CONOPSApprovalPMReview\Elements.xml" />
    <ElementManifest Location="CONOPSApprovalDRReview\Elements.xml" />
    <ElementManifest Location="CONOPSApprovalAOComments\Elements.xml" />
    <ElementManifest Location="CONOPSApprovalPMComments\Elements.xml" />
    <ElementManifest Location="CONOPSApprovalDRComments\Elements.xml" />
    <ElementManifest Location="CONOPSApprovalProgress\Elements.xml" />
    <ElementManifest Location="OTASubmissionID\Elements.xml" />
    <ElementManifest Location="AOReviewID\Elements.xml" />
    <ElementManifest Location="PMReviewID\Elements.xml" />
    <ElementManifest Location="Scripts\Elements.xml" />
    <ElementManifest Location="ProgramContactsEventReceiver\Elements.xml" />
    <ElementManifest Location="CCMD\Elements.xml" />
    <ElementManifest Location="Workflow1\Elements.xml" />
  </ElementManifests>
</Feature>