﻿<?xml version="1.0" encoding="utf-8"?>
<Solution xmlns="http://schemas.microsoft.com/sharepoint/" SolutionId="8f11aa3e-075f-4d3a-bd74-5d668b08daae" SharePointProductVersion="14.0">
  <Assemblies>
    <Assembly Location="DCAPXSolution.dll" DeploymentTarget="GlobalAssemblyCache">
      <SafeControls>
        <SafeControl Assembly="DCAPXSolution, Version=1.0.8.3, Culture=neutral, PublicKeyToken=6fc0066f6c9a4059" Namespace="DCAPXSolution.CONOPSDevModule.CONOPSDevButtons" TypeName="*" />
        <SafeControl Assembly="DCAPXSolution, Version=1.0.8.3, Culture=neutral, PublicKeyToken=6fc0066f6c9a4059" Namespace="DCAPXSolution.CONOPSDevWS1" TypeName="*" />
        <SafeControl Assembly="DCAPXSolution, Version=1.0.8.3, Culture=neutral, PublicKeyToken=6fc0066f6c9a4059" Namespace="DCAPXSolution.CONOPSDevModule.CONOPSDevWS2" TypeName="*" />
        <SafeControl Assembly="DCAPXSolution, Version=1.0.8.3, Culture=neutral, PublicKeyToken=6fc0066f6c9a4059" Namespace="DCAPXSolution.CONOPSDevModule.CONOPSDevWS3" TypeName="*" />
        <SafeControl Assembly="DCAPXSolution, Version=1.0.8.3, Culture=neutral, PublicKeyToken=6fc0066f6c9a4059" Namespace="DCAPXSolution.CONOPSDevModule.CONOPSDevWS4" TypeName="*" />
        <SafeControl Assembly="DCAPXSolution, Version=1.0.8.3, Culture=neutral, PublicKeyToken=6fc0066f6c9a4059" Namespace="DCAPXSolution.RootWeb.HomeInfoPage" TypeName="*" />
        <SafeControl Assembly="DCAPXSolution, Version=1.0.8.3, Culture=neutral, PublicKeyToken=6fc0066f6c9a4059" Namespace="DCAPXSolution.WebAppRootWeb.DCAPXSeal" TypeName="*" />
        <SafeControl Assembly="DCAPXSolution, Version=1.0.8.3, Culture=neutral, PublicKeyToken=6fc0066f6c9a4059" Namespace="DCAPXSolution.CONOPSDevModule.CONOPSDevProgressChart" TypeName="*" />
        <SafeControl Assembly="DCAPXSolution, Version=1.0.8.3, Culture=neutral, PublicKeyToken=6fc0066f6c9a4059" Namespace="DCAPXSolution.CONOPSDevModule.CONOPSDevReview" TypeName="*" />
        <SafeControl Assembly="DCAPXSolution, Version=1.0.8.3, Culture=neutral, PublicKeyToken=6fc0066f6c9a4059" Namespace="DCAPXSolution.CONOPSDevModule.CONOPSDevUploadDocs" TypeName="*" />
        <SafeControl Assembly="DCAPXSolution, Version=1.0.8.3, Culture=neutral, PublicKeyToken=6fc0066f6c9a4059" Namespace="DCAPXSolution.CONOPSDevModule.ViewCONOPS" TypeName="*" />
      </SafeControls>
    </Assembly>
  </Assemblies>
  <TemplateFiles>
    <TemplateFile Location="DCAPXSolution\Scripts\_references.js" />
    <TemplateFile Location="Layouts\DCAPXSolution\AOAdministrationDashboards.aspx" />
    <TemplateFile Location="Layouts\DCAPXSolution\CONOPS.aspx" />
    <TemplateFile Location="Layouts\DCAPXSolution\CONOPSApproval\CONOPSApproval.aspx" />
    <TemplateFile Location="Layouts\DCAPXSolution\CONOPSApproval\ViewCONOPS.aspx" />
    <TemplateFile Location="Layouts\DCAPXSolution\CONOPSApproval\WS1.aspx" />
    <TemplateFile Location="Layouts\DCAPXSolution\CONOPSApproval\WS2.aspx" />
    <TemplateFile Location="Layouts\DCAPXSolution\CONOPSApproval\WS3.aspx" />
    <TemplateFile Location="Layouts\DCAPXSolution\CONOPSApproval\WS4.aspx" />
    <TemplateFile Location="Layouts\DCAPXSolution\CONOPSDevelopment\ViewCONOPSWP.aspx" />
    <TemplateFile Location="Layouts\DCAPXSolution\CONOPSDevelopment\WS1.aspx" />
    <TemplateFile Location="Layouts\DCAPXSolution\CONOPSDevelopment\WS2.aspx" />
    <TemplateFile Location="Layouts\DCAPXSolution\CONOPSDevelopment\WS3.aspx" />
    <TemplateFile Location="Layouts\DCAPXSolution\CONOPSDevelopment\WS4.aspx" />
    <TemplateFile Location="Layouts\DCAPXSolution\CustomCSSFiles\AOAdministrationDashboards.css" />
    <TemplateFile Location="Layouts\DCAPXSolution\CustomCSSFiles\CONOPSApproval.css" />
    <TemplateFile Location="Layouts\DCAPXSolution\CustomCSSFiles\CONOPSDevProgressChart.css" />
    <TemplateFile Location="Layouts\DCAPXSolution\CustomCSSFiles\CONOPSDevWS.css" />
    <TemplateFile Location="Layouts\DCAPXSolution\CustomCSSFiles\Feedback.css" />
    <TemplateFile Location="Layouts\DCAPXSolution\CustomCSSFiles\ProgramContacts.css" />
    <TemplateFile Location="Layouts\DCAPXSolution\CustomJavaScripts\AOAdministrationDashboards.js" />
    <TemplateFile Location="Layouts\DCAPXSolution\CustomJavaScripts\CONOPSApproval.js" />
    <TemplateFile Location="Layouts\DCAPXSolution\CustomJavaScripts\CONOPSDevWS.js" />
    <TemplateFile Location="Layouts\DCAPXSolution\CustomJavaScripts\ProgramContactsForms.js" />
    <TemplateFile Location="Layouts\DCAPXSolution\CustomJavaScripts\ViewCONOPSWP.js" />
    <TemplateFile Location="Layouts\DCAPXSolution\DeploymentChecklist.aspx" />
    <TemplateFile Location="Layouts\DCAPXSolution\CustomJavaScripts\CONOPSDevReviewSubmit.js" />
    <TemplateFile Location="Layouts\DCAPXSolution\CustomJavaScripts\DeploymentChecklist.js" />
    <TemplateFile Location="Layouts\DCAPXSolution\Feedback.aspx" />
    <TemplateFile Location="Layouts\DCAPXSolution\GenPDF.aspx" />
    <TemplateFile Location="Layouts\DCAPXSolution\ProgramContacts\ProgramContacts.aspx" />
    <TemplateFile Location="Layouts\DCAPXSolution\ProgramContacts\ProgramContactsEditForm.aspx" />
    <TemplateFile Location="Layouts\DCAPXSolution\ProgramContacts\ProgramContactsNewForm.aspx" />
    <TemplateFile Location="Layouts\DCAPXSolution\CustomCSSFiles\changeribbonbg.css" />
    <TemplateFile Location="Layouts\DCAPXSolution\CustomCSSFiles\Global.css" />
    <TemplateFile Location="Layouts\DCAPXSolution\CustomCSSFiles\AssessmentDBWebPart.css" />
    <TemplateFile Location="Layouts\DCAPXSolution\CustomCSSFiles\CalendarDB.css" />
    <TemplateFile Location="Layouts\DCAPXSolution\CustomCSSFiles\CONOPSDevAODB.css" />
    <TemplateFile Location="Layouts\DCAPXSolution\CustomCSSFiles\CONOPSDevModuleLaunchPage.css" />
    <TemplateFile Location="Layouts\DCAPXSolution\CustomJavaScripts\AOAdminDashboards.js" />
    <TemplateFile Location="Layouts\DCAPXSolution\CustomJavaScripts\AssessmentDashboardWebPart.js" />
    <TemplateFile Location="Layouts\DCAPXSolution\CustomJavaScripts\CalendarDashboard.js" />
    <TemplateFile Location="Layouts\DCAPXSolution\CustomJavaScripts\CONOPSDevAODashboard.js" />
    <TemplateFile Location="Layouts\DCAPXSolution\CustomJavaScripts\CONOPSDevDialogs.js" />
    <TemplateFile Location="Layouts\DCAPXSolution\CustomJavaScripts\CONOPSDevelopmentModule.js" />
    <TemplateFile Location="Layouts\DCAPXSolution\CustomJavaScripts\CONOPSDevGetWorksheetData.js" />
    <TemplateFile Location="Layouts\DCAPXSolution\CustomJavaScripts\CONOPSDevReviewSubmitAttachments.js" />
    <TemplateFile Location="Layouts\DCAPXSolution\CustomJavaScripts\CONOPSDevUpdateTotals.js" />
    <TemplateFile Location="Layouts\DCAPXSolution\CustomJavaScripts\CONOPSDevUpload.js" />
    <TemplateFile Location="Layouts\DCAPXSolution\CustomJavaScripts\CONOPSDevWorksheets.js" />
    <TemplateFile Location="Layouts\DCAPXSolution\CustomJavaScripts\CONOPSDevWorksheetsButtons.js" />
    <TemplateFile Location="Layouts\DCAPXSolution\CustomJavaScripts\CONOPSDevWSListsUpdate.js" />
    <TemplateFile Location="Layouts\DCAPXSolution\CustomJavaScripts\CONOPSDevWSPrePop.js" />
    <TemplateFile Location="Layouts\DCAPXSolution\CustomJavaScripts\Global.js" />
    <TemplateFile Location="Layouts\DCAPXSolution\CustomJavaScripts\Home.js" />
    <TemplateFile Location="Layouts\DCAPXSolution\CustomJavaScripts\JQUERY.SPSERVICES.MIN.js" />
    <TemplateFile Location="Layouts\DCAPXSolution\CustomJavaScripts\MasterCalendarInlineScript.js" />
    <TemplateFile Location="Layouts\DCAPXSolution\CustomJavaScripts\QuickLaunchMenu.js" />
    <TemplateFile Location="Layouts\DCAPXSolution\CustomJavaScripts\sp101.js" />
    <TemplateFile Location="Layouts\DCAPXSolution\CustomCSSFiles\DeploymentChecklist.css" />
    <TemplateFile Location="Layouts\DCAPXSolution\CustomJavaScripts\JQUERY.MIN.js" />
    <TemplateFile Location="Images\DCAPXSolution\afoteccollage.PNG" />
    <TemplateFile Location="Images\DCAPXSolution\ao.gif" />
    <TemplateFile Location="Images\DCAPXSolution\ao.png" />
    <TemplateFile Location="Images\DCAPXSolution\ateccollage.PNG" />
    <TemplateFile Location="Images\DCAPXSolution\bgximg.png" />
    <TemplateFile Location="Images\DCAPXSolution\conopsperiods.PNG" />
    <TemplateFile Location="Images\DCAPXSolution\cotfcollage.PNG" />
    <TemplateFile Location="Images\DCAPXSolution\DCAPXseal.png" />
    <TemplateFile Location="Images\DCAPXSolution\DCAPXSeal300x300.png" />
    <TemplateFile Location="Images\DCAPXSolution\dd.gif" />
    <TemplateFile Location="Images\DCAPXSolution\dd.png" />
    <TemplateFile Location="Images\DCAPXSolution\jitccollage.PNG" />
    <TemplateFile Location="Images\DCAPXSolution\lasttabenabledarrow.gif" />
    <TemplateFile Location="Images\DCAPXSolution\lasttabenabledarrowblk.gif" />
    <TemplateFile Location="Images\DCAPXSolution\mcoteacollage.PNG" />
    <TemplateFile Location="Images\DCAPXSolution\ot.gif" />
    <TemplateFile Location="Images\DCAPXSolution\ot.png" />
    <TemplateFile Location="Images\DCAPXSolution\pm.gif" />
    <TemplateFile Location="Images\DCAPXSolution\pm.png" />
    <TemplateFile Location="Images\DCAPXSolution\print.png" />
    <TemplateFile Location="Images\DCAPXSolution\sqblack.png" />
    <TemplateFile Location="Images\DCAPXSolution\sqgreen.png" />
    <TemplateFile Location="Images\DCAPXSolution\tabarrow.png" />
    <TemplateFile Location="Images\DCAPXSolution\tabcheck.png" />
    <TemplateFile Location="Images\DCAPXSolution\tinytick.gif" />
    <TemplateFile Location="Images\DCAPXSolution\background.png" />
    <TemplateFile Location="Images\DCAPXSolution\CONOPSDevAODashboardBlack.png" />
    <TemplateFile Location="Images\DCAPXSolution\CONOPSDevAODashboardGreen.png" />
    <TemplateFile Location="Images\DCAPXSolution\CONOPSDevAODashboardRed.png" />
    <TemplateFile Location="Images\DCAPXSolution\CONOPSDevAODashboardYellow.png" />
    <TemplateFile Location="Images\DCAPXSolution\deleteattachment.png" />
    <TemplateFile Location="Images\DCAPXSolution\doteseal.gif" />
    <TemplateFile Location="Images\DCAPXSolution\dotespflag.jpg" />
    <TemplateFile Location="Images\DCAPXSolution\downchevron.png" />
    <TemplateFile Location="Images\DCAPXSolution\gradientLeft.png" />
    <TemplateFile Location="Images\DCAPXSolution\gradientLeftQuickLaunch.png" />
    <TemplateFile Location="Images\DCAPXSolution\gradientRight.jpg" />
    <TemplateFile Location="Images\DCAPXSolution\WSReviewInProgress.png" />
    <TemplateFile Location="Images\DCAPXSolution\WSReviewNotStarted.png" />
    <TemplateFile Location="Images\DCAPXSolution\WSReviewReviewed.png" />
    <TemplateFile Location="Images\DCAPXSolution\rarrow.png" />
    <TemplateFile Location="Images\DCAPXSolution\upchevron.png" />
    <TemplateFile Location="Images\DCAPXSolution\dcapx_spinner.gif" />
    <TemplateFile Location="ControlTemplates\DCAPXSolution\UserControl1.ascx" />
  </TemplateFiles>
  <FeatureManifests>
    <FeatureManifest Location="DCAPXSolution_Feature1\Feature.xml" />
    <FeatureManifest Location="DCAPXSolution_Feature2\Feature.xml" />
    <FeatureManifest Location="DCAPXSolution_Feature3\Feature.xml" />
  </FeatureManifests>
</Solution>