﻿<?xml version="1.0" encoding="utf-8"?>
<Elements xmlns="http://schemas.microsoft.com/sharepoint/">
  <Receivers ListTemplateId="100">
    <Receiver>
      <Name>MasterProgramListEventsItemUpdated</Name>
      <Type>ItemUpdated</Type>
      <Assembly>$SharePoint.Project.AssemblyFullName$</Assembly>
      <Class>DOTEOversightProgramsListEvntRcvr.MasterProgramListEvents.MasterProgramListEvents</Class>
      <SequenceNumber>1000</SequenceNumber>
      </Receiver>
  </Receivers>
</Elements>
