﻿<?xml version="1.0" encoding="utf-8"?>
<Elements xmlns="http://schemas.microsoft.com/sharepoint/">  
  <Field
       ID="{60ae225c-9e95-4e42-95c1-9510a40713bd}"
       Format="Dropdown"
       Name="FAP"
       DisplayName="FAP"
       Type="Choice"
       Required="FALSE"
       Overwrite="FALSE"
       Group="Custom Site Columns">
    <Default>No Shell Created</Default>
    <CHOICES>
      <CHOICE>No Shell Created</CHOICE>
      <CHOICE>Submitted</CHOICE>
      <CHOICE>Due Soon</CHOICE>
      <CHOICE>Past Due</CHOICE>
      <CHOICE>Canceled</CHOICE>
    </CHOICES>
  </Field>
</Elements>
