﻿<?xml version="1.0" encoding="utf-8"?>
<Elements xmlns="http://schemas.microsoft.com/sharepoint/">
  <!-- Parent ContentType: Item (0x01) -->
  <ContentType ID="0x0100D9A538BA56E945A09FD207D0BAC930CF" Name="ProgramContacts" Group="Custom Content Types" Description="My Content Type" Inherits="TRUE" Version="0">
    <FieldRefs>
      <FieldRef ID="{5cb1701e-f4c8-4cf1-bf78-73a5c114510b}" DisplayName="Account" Required="FALSE" Name="Account" />
      <FieldRef ID="{a8e61a5c-397b-4553-8e50-680fbd50a36c}" DisplayName="OperationalTestAgency" Required="FALSE" Name="OperationalTestAgency" Format="Dropdown" />
      <FieldRef ID="{46f18d04-1196-4ab8-ac40-b0767468d2a2}" DisplayName="ModuleAccess" Required="FALSE" Name="ModuleAccess" />
      <FieldRef ID="{c3760bc2-6879-4a78-b6ae-67b6791bf32b}" DisplayName="CCMD" Required="FALSE" Name="CCMD" Format="Dropdown" />
    </FieldRefs>
  </ContentType>
</Elements>