﻿<?xml version="1.0" encoding="utf-8"?>
<Elements xmlns="http://schemas.microsoft.com/sharepoint/">
  <!-- Parent ContentType: Item (0x01) -->
  <ContentType ID="0x0100D7891F440D624A7498C98600CFC94D0D" Name="CONOPSApprovalProgress" Group="Custom Content Types" Description="My Content Type" Inherits="TRUE" Version="0">
    <FieldRefs>
      <FieldRef ID="{a8e61a5c-397b-4553-8e50-680fbd50a36c}" DisplayName="OperationalTestAgency" Required="FALSE" Name="OperationalTestAgency" Format="Dropdown" />
      <FieldRef ID="{76b5728e-21e8-4870-9b87-eda71c1aa882}" DisplayName="CONOPSApproval" Required="FALSE" Name="CONOPSApproval" Format="RadioButtons" />
      <FieldRef ID="{a38b0c3a-0eac-4180-b481-2337d8903736}" DisplayName="ForFY" Required="FALSE" Name="ForFY" Format="RadioButtons" />
      <FieldRef ID="{647b40a8-cac8-46cc-8f3e-fa84e5a0dfda}" DisplayName="Submitted" Required="FALSE" Name="Submitted" />
      <FieldRef ID="{cd9571ff-70e3-4239-ad77-833c98773883}" DisplayName="SubmittedBy" Required="FALSE" Name="SubmittedBy" />
      <FieldRef ID="{04c7a7a4-f461-4146-9f30-c19239811305}" DisplayName="SubmittedFY" Required="FALSE" Name="SubmittedFY" />
      <FieldRef ID="{b03c6757-cd13-4778-809b-b074d0c98954}" DisplayName="SubmittedOn" Required="FALSE" Name="SubmittedOn" />
    </FieldRefs>
  </ContentType>
</Elements>
